{"cameraMode":{"drawMode":0,"name":"Shaded","section":"Shading Mode"},"sceneLighting":false,"audioPlay":false,"sceneViewState":{"showFog":true,"showMaterialUpdate":false,"showSkybox":true,"showFlares":true,"showImageEffects":true,"showParticleSystems":true},"in2DMode":false,"pivot":{"x":0.2565631866455078,"y":-0.559759795665741,"z":12.735976219177246},"rotation":{"x":-0.13463525474071504,"y":-0.24749615788459779,"z":0.03475143387913704,"w":-0.9588594436645508},"size":2.1434128284454347,"orthographic":false}