{"cameraMode":{"drawMode":0,"name":"Shaded","section":"Shading Mode"},"sceneLighting":false,"audioPlay":false,"sceneViewState":{"showFog":true,"showMaterialUpdate":false,"showSkybox":true,"showFlares":true,"showImageEffects":true,"showParticleSystems":true},"in2DMode":false,"pivot":{"x":-1.1920928955078126e-7,"y":1.4133683443069459,"z":0.08796906471252442},"rotation":{"x":-0.13463525474071504,"y":-0.24749615788459779,"z":0.03475143387913704,"w":-0.9588594436645508},"size":7.351100921630859,"orthographic":false}